{
  "generated_at": "2026-02-08T13:21:50Z",
  "target_gap": 0.17,
  "observed_gap": 0.16999935320885573,
  "base_delta": 0.085,
  "scale": 0.29138908386230467,
  "M": 1.024768072128296,
  "F": 0.9752319278717041,
  "samples": 30000,
  "seed": 42,
  "male_n": 13555,
  "female_n": 13053,
  "bracketed": true
}